id,lon,lat
261178109,-87.7236713,41.9446149
1475142954,-87.7227235,41.953775
4332811587,-87.7272565,41.9415162
369630931,-87.7392967,41.9535196
369630790,-87.7450859,41.9607542
369631002,-87.7368071,41.9535511
1475142971,-87.723952,41.9537615
1475113290,-87.7244762,41.950789
2401873887,-87.7343461,41.9461862
2258382540,-87.746541,41.94841
2401873920,-87.7279284,41.943976
5495472869,-87.7267582,41.9453687
261123520,-87.7394168,41.9571332
3639320412,-87.7457852,41.9551533
365061502,-87.7569391,41.9464446
261185529,-87.7240358,41.9570586
2401873934,-87.7317187,41.9448715
3192225961,-87.7298345,41.9536241
261195087,-87.7456186,41.9544587
2295446997,-87.7472856,41.9520621
2185494862,-87.7466092,41.9506869
5493329460,-87.7500998,41.9555755
2401873927,-87.7280079,41.9472715
2401873936,-87.7279178,41.9435701
261195035,-87.7446393,41.951621
317750397,-87.739491,41.9389393
4081947323,-87.7191053,41.9555971
306084354,-87.730492,41.9538909
2185494966,-87.7502511,41.9565837
1625527878,-87.7233608,41.9525261
4332542830,-87.7478962,41.9534107
2401873902,-87.7312475,41.94519
5495473627,-87.727876,41.9472731
2258382565,-87.7464861,41.9465806
2185494816,-87.74803,41.9552479
369631051,-87.7324638,41.9536061
5404695966,-87.7508335,41.9448319
5495467791,-87.7279647,41.9544087
2184848902,-87.7193314,41.9455725
3235485084,-87.7367929,41.9531594
2401855216,-87.7353743,41.9455279
2258382549,-87.7445533,41.9466098
261293457,-87.7353899,41.9517572
5495410815,-87.74585,41.9544564
261160343,-87.7185506,41.9455845
2295446895,-87.7452504,41.9529185
263372990,-87.7263915,41.9536694
2401855424,-87.737346,41.9499164
2401873938,-87.7315557,41.9499871
3603191219,-87.7299546,41.9512283
2180439086,-87.72461,41.9555187
5493329466,-87.7501041,41.956018
5495465077,-87.7278748,41.9538932
261293456,-87.7307767,41.9518253
5493329489,-87.7479089,41.9561575
2185494867,-87.7400248,41.9571257
261275095,-87.739786,41.9471294
2180438972,-87.7259043,41.9576859
261178093,-87.742788,41.9447228
3603195305,-87.7294371,41.9504777
4081947065,-87.7115274,41.9484645
26704228,-87.7278607,41.9524048
2185494831,-87.7411637,41.9540358
2401855228,-87.7321373,41.9435563
5421580780,-87.7440751,41.9514443
261286660,-87.742685,41.9498348
261147244,-87.752348,41.956505
316325745,-87.7471782,41.9488555
2401855268,-87.7371883,41.9457905
2185494727,-87.7480704,41.9566102
2401873879,-87.7315389,41.949496
261176969,-87.7462724,41.9598248
317747436,-87.7454102,41.9461429
261212954,-87.7324288,41.9518009
2185494619,-87.7456571,41.9559602
263372855,-87.7275751,41.9525114
2184764864,-87.7208255,41.9519295
2185533563,-87.7511198,41.9559076
4334422159,-87.7270185,41.9522082
318028425,-87.7345669,41.9390047
26704221,-87.7198452,41.9481015
261298109,-87.7312563,41.9455815
2184958813,-87.7244443,41.9491269
365061629,-87.7479504,41.9529248
4334422173,-87.7211557,41.9537983
306082702,-87.7191562,41.9537121
2401855225,-87.7360058,41.9458074
261181605,-87.7196235,41.9482959
3235330427,-87.7413996,41.9499537
5493338622,-87.7509584,41.9464355
2295446971,-87.7453474,41.9522191
1992978464,-87.7229439,41.939615
261160354,-87.7308047,41.9527593
261280325,-87.7435338,41.9544795
317747461,-87.747029,41.9446704
261195031,-87.7445611,41.9470693
310319161,-87.7379829,41.9577197
2401873895,-87.7291701,41.944371
2401855266,-87.7366137,41.9457987
2402691843,-87.7399091,41.9462086
4081947327,-87.7203298,41.9555817
266650468,-87.7278257,41.9517724
2184906164,-87.7254843,41.9464032
2185494877,-87.7446744,41.9541715
2184848926,-87.7219352,41.9477071
4332557789,-87.747235,41.9503677
5301474546,-87.7456161,41.9517682
2185494674,-87.7375139,41.9540807
261118586,-87.7212367,41.9446459
2180438927,-87.7202676,41.9538111
5421580760,-87.7427013,41.9508013
2185494882,-87.7490606,41.9538892
5495467792,-87.7280404,41.9544084
2295446999,-87.7472845,41.9520181
261327396,-87.7200296,41.9455618
4334422171,-87.7168834,41.9537497
365061591,-87.7478946,41.9506692
4619700267,-87.7368244,41.9542079
2185494916,-87.743849,41.9538655
2185494700,-87.7498005,41.9538856
4498984740,-87.7376565,41.9475329
2184764851,-87.7220458,41.9519132
3235485088,-87.7354291,41.9533289
2401873867,-87.728125,41.9500282
4332557786,-87.7462664,41.9461327
5495422320,-87.7468465,41.9458076
2185494973,-87.744712,41.9551524
2185494987,-87.7452381,41.9569851
5495410873,-87.7443919,41.9519256
5495419645,-87.7477625,41.9504602
310165928,-87.7272828,41.9517487
261139143,-87.7427273,41.9425447
2180438918,-87.7233494,41.9542163
5495414992,-87.738706,41.9535271
2402691731,-87.74145,41.9425635
2184848934,-87.7307544,41.9507961
2402691762,-87.7403047,41.9457512
2184848975,-87.7345502,41.9481088
2295446897,-87.7459472,41.9525877
5843868911,-87.7316467,41.953266
5421580787,-87.7375561,41.9468722
5495469703,-87.7279282,41.9477876
2184848901,-87.7346605,41.951768
2186461346,-87.7620654,41.9527464
3235330428,-87.7416706,41.9499871
5495409878,-87.747568,41.9524629
2185533435,-87.7526115,41.9576374
2184906121,-87.7249401,41.9459575
261185535,-87.7294086,41.9607442
1447529938,-87.7177892,41.9470954
2185533580,-87.7505864,41.9552153
4332542838,-87.747317,41.9539736
1625527889,-87.7245457,41.9532696
5495473626,-87.7278739,41.9471507
5301474548,-87.7460602,41.9520534
5495410921,-87.7467458,41.9552935
4498984735,-87.7388831,41.9477911
261139139,-87.7420159,41.9425535
365061600,-87.7570841,41.9509934
5421580763,-87.7400759,41.9481554
1475142960,-87.7178094,41.9538465
2451808627,-87.7513862,41.9448325
5265173442,-87.7467478,41.9430365
4498984743,-87.738411,41.9468195
409178832,-87.7238788,41.9482453
4332557785,-87.7475761,41.9461119
261178099,-87.7396495,41.9444122
2401855422,-87.7360626,41.9517473
261185527,-87.7218488,41.9555584
5076527097,-87.7477008,41.9455833
1475113285,-87.7237556,41.9503589
5495469256,-87.7344287,41.9531587
261181619,-87.7402571,41.9480359
1286987023,-87.7273725,41.9456222
4337174482,-87.7243172,41.9393897
2401855418,-87.7351856,41.9393631
365061467,-87.7570559,41.9501089
5091223560,-87.7263755,41.9519045
2295446928,-87.7455181,41.952914
256170760,-87.7607554,41.967869
261250167,-87.7274985,41.9500354
261194267,-87.7409677,41.9534985
5434376514,-87.731216,41.9437174
5421580784,-87.7347594,41.9456435
261164813,-87.7400753,41.949014
2401855354,-87.7409259,41.9519746
287236713,-87.7344803,41.9558207
261250163,-87.727423,41.9472788
2185533653,-87.7505891,41.9552957
5495464755,-87.7276248,41.9541146
313441014,-87.7198452,41.9391854
261181639,-87.7426421,41.9480001
3235485090,-87.7385715,41.9533322
5495465800,-87.7284131,41.9536404
2184848907,-87.728297,41.9500264
2258382551,-87.7465001,41.947046
261158112,-87.7232335,41.9719379
2401873875,-87.729821,41.946342
261160342,-87.7181355,41.9449668
2184906179,-87.7200166,41.9451138
2401873933,-87.7330021,41.946304
3235330429,-87.7415049,41.9501238
2295453260,-87.7498103,41.9520961
2184683011,-87.7236823,41.9523491
2184764869,-87.7207484,41.9488543
2184958922,-87.7317075,41.954904
5495471278,-87.7281408,41.9502497
4605879630,-87.7433504,41.9457273
2180438916,-87.7270589,41.9554836
261325807,-87.726438,41.9554916
2185494850,-87.7470978,41.9568585
365061491,-87.7477256,41.9470313
3235485097,-87.7359,41.9535626
5495467793,-87.7283835,41.9541824
4332812191,-87.7270941,41.946381
4334422172,-87.7223224,41.953781
2401855275,-87.7360072,41.9458583
2401873925,-87.7279994,41.9468228
5495433617,-87.7384217,41.9457173
5495420522,-87.7455173,41.9520629
2295453259,-87.7498139,41.9522458
5493329496,-87.7473436,41.9548611
2186461128,-87.7510777,41.9547512
261241138,-87.7236307,41.9464287
2185494965,-87.7444779,41.95447
261181608,-87.7260383,41.9482156
5495413649,-87.7477773,41.9515671
261139129,-87.7334454,41.942657
2401873937,-87.7298733,41.9481713
4332557780,-87.7470507,41.9454926
2401873891,-87.7307021,41.9439376
2295446909,-87.7447834,41.9524452
261123517,-87.7392204,41.9517006
2185533522,-87.7493825,41.9555907
26703426,-87.7373082,41.9571364
2180439010,-87.7233869,41.9555374
2185495017,-87.74236,41.9540211
365061587,-87.7478723,41.9497665
4081947326,-87.7197096,41.9555895
261158114,-87.7244975,41.9719278
2185494868,-87.7507946,41.9563773
4498984765,-87.7388026,41.9472066
2185495020,-87.7456333,41.9551448
2401873892,-87.733162,41.9517901
2401873899,-87.7279391,41.9443851
4498984756,-87.7399157,41.9484893
2295446904,-87.7454,41.9526583
261185997,-87.7252155,41.9555071
1625527780,-87.7250878,41.9532626
2185494759,-87.7510443,41.9538795
261151566,-87.7366456,41.9480766
26703430,-87.7313585,41.9538806
2295446961,-87.7457678,41.9534377
409169504,-87.7421098,41.9579889
2184764715,-87.7195487,41.9501238
2295446978,-87.7452805,41.9527659
5495410818,-87.7470102,41.9544449
5495425722,-87.7464744,41.9438171
289550246,-87.7496658,41.9460886
4332557788,-87.747229,41.9501328
5493329458,-87.7504698,41.9560028
2184848946,-87.7400055,41.9523293
5495528067,-87.7195034,41.9531905
1475142976,-87.7214994,41.9537933
261275059,-87.740528,41.9498744
263370971,-87.7177586,41.94651
289550340,-87.7197626,41.946482
5076527102,-87.7472741,41.9455928
369630920,-87.7417557,41.9534885
2184906181,-87.7255461,41.9482229
2401873914,-87.7281012,41.9495529
2185494872,-87.7447285,41.9544676
5495551027,-87.7187522,41.9435613
2401873871,-87.7321965,41.9457915
5493338627,-87.750951,41.9462513
266650384,-87.7313018,41.9536208
4498984774,-87.7390118,41.948358
5495409875,-87.7475679,41.9523802
2284963176,-87.7460857,41.9526746
348164932,-87.747331,41.9544417
4332542837,-87.7374685,41.9535428
1992978433,-87.724169,41.9409552
2401855315,-87.7387997,41.9517066
306084147,-87.721488,41.9536735
5495465804,-87.7275955,41.9531753
305912687,-87.7327147,41.9609032
5495465076,-87.7276187,41.9539031
316325766,-87.7471425,41.9479459
2184848971,-87.7268476,41.9482042
2393935075,-87.7462294,41.9461331
4334422178,-87.7277786,41.959221
838699137,-87.7764283,41.9439607
2402691806,-87.7421138,41.9457317
5493338625,-87.7505323,41.9464449
369630919,-87.7455781,41.9534401
2295446968,-87.7500513,41.9527855
365061481,-87.7478044,41.9497712
261346414,-87.7259846,41.9463963
2185494990,-87.7393141,41.9540586
2185494744,-87.7440768,41.9534591
261160350,-87.7260875,41.9500661
5493329488,-87.7473623,41.9554381
261212952,-87.7322136,41.9463091
2401855377,-87.7340402,41.9399107
5495469265,-87.7342086,41.9531621
261178085,-87.7291842,41.9447887
2185494651,-87.7417695,41.9540284
261128252,-87.725075,41.9527646
5076527099,-87.7476459,41.9453686
2185495000,-87.7484219,41.9534041
2180438942,-87.7271565,41.9585318
2295446976,-87.745151,41.9528104
2185494695,-87.7444881,41.9551543
409178835,-87.7262293,41.9482121
2401873888,-87.7317202,41.9443917
261185998,-87.7252619,41.9573436
5495433618,-87.7384231,41.9462264
5495523337,-87.7225687,41.9566478
2180438913,-87.7208958,41.9542479
2185494764,-87.7453711,41.9544612
4498984759,-87.737956,41.9477153
3603195312,-87.7297023,41.9503326
2295446914,-87.7470338,41.9520682
2184906185,-87.7231,41.946436
5495471280,-87.7282997,41.950157
158736266,-87.7273955,41.9463769
5076527092,-87.747066,41.9459469
2401873889,-87.7313545,41.949987
2180438998,-87.7239637,41.9542083
310166134,-87.7322156,41.9545462
2184682931,-87.7182746,41.9483142
261210229,-87.7619598,41.9495953
261181607,-87.7250118,41.9482309
2185494920,-87.746636,41.9515781
5495523341,-87.7221896,41.9565012
2401855285,-87.7409586,41.9531815
2185494895,-87.748057,41.9561573
261118593,-87.7214365,41.9519213
5076527103,-87.7476459,41.9452605
2295446898,-87.7460675,41.9526632
734844632,-87.7274552,41.9524461
5495523338,-87.7225722,41.956263
2180439001,-87.7251789,41.9541924
261181609,-87.7274479,41.9481863
5495422318,-87.7466277,41.9459965
5434376935,-87.730702,41.9437714
2184958873,-87.7309155,41.954551
5495465356,-87.727094,41.953658
365061518,-87.7563564,41.9473737
2180438958,-87.7246486,41.9568126
4600211932,-87.7445888,41.945635
2258382547,-87.7465273,41.9479532
261151567,-87.7366993,41.9499245
261262075,-87.7225028,41.9464442
5495539516,-87.7255934,41.9539236
261178081,-87.7371772,41.9444179
2295446958,-87.7500486,41.9526319
365061609,-87.7571131,41.9519017
5493329456,-87.7505101,41.9556985
261180916,-87.733862,41.9499615
5076527107,-87.7476186,41.9452608
5265173446,-87.7467773,41.9434894
2184683342,-87.7208646,41.9532509
2401873868,-87.7280541,41.9486302
26704196,-87.7129454,41.9414803
2180439065,-87.7258358,41.9554992
2184683013,-87.720852,41.9528041
5495465799,-87.7283862,41.9531531
313441061,-87.7235094,41.9391466
1625527818,-87.7249362,41.9534179
365061476,-87.7478832,41.9502057
2184958882,-87.7284586,41.9554683
365061614,-87.7479279,41.9520153
261298155,-87.7308963,41.955442
2401873931,-87.72795,41.9448051
261250165,-87.7274732,41.94911
365061512,-87.7477387,41.9474873
2184958764,-87.7318248,41.9590795
261181640,-87.7445735,41.9479768
263372922,-87.7288963,41.9532484
5495434123,-87.7371983,41.9457412
316309303,-87.7498413,41.9533861
261199736,-87.7312073,41.9439296
261160352,-87.7291679,41.9518491
261178080,-87.7347246,41.9444431
4081947328,-87.7209299,41.955572
305912690,-87.731049,41.9609219
2179120524,-87.7332999,41.9559099
2184906012,-87.7255141,41.9445914
2185494851,-87.7442815,41.955156
261194271,-87.7446039,41.9534525
5421580759,-87.7405673,41.9491068
263372992,-87.7239474,41.9536424
5495416917,-87.7461176,41.9524406
4619700263,-87.7361243,41.9538729
5421580777,-87.7401282,41.9486103
5495427611,-87.7369675,41.9471134
2185494810,-87.7473323,41.9544856
1286987024,-87.7312404,41.9448769
2393935004,-87.7476391,41.9438171
2184848966,-87.739443,41.9493129
261178094,-87.7439297,41.9447084
2185494940,-87.7466918,41.9554927
5495537014,-87.7250928,41.9534589
5495409525,-87.7443534,41.9561093
2184683154,-87.7227047,41.9532249
261195033,-87.7446272,41.9498107
409178834,-87.726178,41.9463936
4334422161,-87.7275987,41.9532678
2393935052,-87.746184,41.9446822
4606858773,-87.7432818,41.9425325
365061565,-87.7570265,41.9491863
2185494993,-87.7481536,41.958895
5301474547,-87.7462955,41.9434997
2184906128,-87.7254066,41.94094
261151571,-87.7368904,41.9562847
2402691820,-87.740183,41.9407436
5495541223,-87.7249413,41.9535346
5493329449,-87.7494519,41.9544777
2184683009,-87.7214623,41.9527979
261286571,-87.7201614,41.9501152
310165957,-87.7272582,41.9514715
5495551025,-87.7190622,41.9432949
5495469260,-87.7346633,41.9531551
4332557787,-87.7470877,41.946552
261158110,-87.7195771,41.971977
365061513,-87.7496988,41.947461
5495413651,-87.7472627,41.9512626
5495411815,-87.7470471,41.9515735
2184906202,-87.7267371,41.9445758
261241127,-87.7238832,41.9518795
305912686,-87.7341979,41.9608865
26704227,-87.7272847,41.952083
2185494933,-87.7449541,41.9544654
2401873921,-87.7312193,41.9443461
261178084,-87.7273497,41.9448131
317747338,-87.7470447,41.9452667
2401855219,-87.7365346,41.9430708
261286573,-87.7232099,41.9500725
2185495009,-87.7438525,41.954031
5495422078,-87.7471496,41.9481277
2180438917,-87.720288,41.9551266
2402691799,-87.7414943,41.9443907
2258382532,-87.7446716,41.9510172
2258382510,-87.7465685,41.9493296
4332542841,-87.7473807,41.9559758
5495469262,-87.7347954,41.953222
2295446896,-87.7498232,41.9526349
2401873890,-87.7316026,41.9518131
2295446980,-87.7457293,41.9530218
256170566,-87.7470719,41.9461222
4605984313,-87.7477301,41.9449003
3235330437,-87.7419641,41.9510079
2393935077,-87.7446045,41.9461526
5493329452,-87.749616,41.9550155
261180915,-87.7338037,41.948121
2185494660,-87.7456586,41.9559999
2401873904,-87.7299473,41.9522959
2184958702,-87.7300625,41.9544396
1475142943,-87.719038,41.9538288
2185494842,-87.7456082,41.9515896
5495470209,-87.7316158,41.9526673
2185533671,-87.7480435,41.9557026
261160349,-87.7250254,41.9494539
261181620,-87.7421464,41.9480123
5311589022,-87.7086513,41.9544148
1625527793,-87.7245223,41.9526302
2185494949,-87.7380843,41.9540737
2295446991,-87.752206,41.9526028
2402691812,-87.7403651,41.9471249
157732749,-87.7355665,41.9462605
4332542840,-87.747371,41.9557234
2184764742,-87.7232742,41.9518922
3235485089,-87.7355845,41.9533305
5495469700,-87.727617,41.9477927
261204768,-87.7292003,41.945596
2184764857,-87.7220029,41.9500894
4334422177,-87.7196643,41.954053
2402691826,-87.7415333,41.9457389
261272306,-87.7429318,41.9556659
4332542834,-87.7408206,41.9535004
365061584,-87.7477911,41.9493078
261164811,-87.7374183,41.9473878
2295446993,-87.747032,41.9520236
5495422723,-87.7466239,41.946128
5114741613,-87.7362297,41.9558101
5495409112,-87.7430364,41.9563731
2184682985,-87.7183337,41.9501408
5495523343,-87.7227035,41.9561447
5843868914,-87.7324538,41.9530882
2185494666,-87.7442714,41.9544721
261185528,-87.7227949,41.9562074
2053639824,-87.7320408,41.9390323
261286592,-87.7307362,41.9499914
4062144264,-87.7191343,41.9446727
261241126,-87.7238622,41.9504196
2179120504,-87.7335337,41.9623695
5495409114,-87.7434622,41.9566893
2180438997,-87.719054,41.9542702
4957715139,-87.7446222,41.9517735
2184958811,-87.7284237,41.9544177
5495409527,-87.7446135,41.9565
26703429,-87.7327889,41.9546814
365061510,-87.7496766,41.9465387
2295446966,-87.7468909,41.9517409
2401873866,-87.7328665,41.9452702
5495434121,-87.73744,41.9451188
261349153,-87.7426833,41.9470884
2179120519,-87.7349334,41.9608782
261349181,-87.7298468,41.9472486
409178836,-87.7262915,41.9501813
365061495,-87.747699,41.9461086
261118592,-87.7213844,41.9500981
2401873869,-87.7280232,41.9477246
2185494616,-87.7447019,41.9544678
2401855408,-87.7409411,41.9525769
2258382522,-87.7465957,41.9502352
317749823,-87.7438807,41.94252
261210228,-87.7619281,41.9486885
365061534,-87.7497205,41.948365
2401855262,-87.7328358,41.9426633
1625527892,-87.7226956,41.9529773
261180919,-87.7339952,41.9545654
261139132,-87.7358983,41.9426239
4081947329,-87.7215643,41.9559858
2184683296,-87.7202521,41.9532596
261181612,-87.7352763,41.9480968
2185494811,-87.7467321,41.9564903
2184764843,-87.7213695,41.9493309
3235485083,-87.7366291,41.953158
2258382559,-87.7429617,41.9470857
2184848912,-87.7205694,41.9469282
289550322,-87.7393028,41.9462159
316319407,-87.7445361,41.9517206
369630905,-87.7473877,41.9561582
261151568,-87.7367407,41.9517373
261178111,-87.7249058,41.9445992
4332557779,-87.7468843,41.9391748
5495475194,-87.7328702,41.9445981
5114906799,-87.7504651,41.9543243
4332542835,-87.7406717,41.9535023
261158111,-87.7207898,41.9719649
2185494945,-87.7503692,41.9565822
4334422181,-87.7293862,41.9607288
2258382504,-87.7445672,41.9475202
316325886,-87.7471068,41.9470387
4498984758,-87.7396432,41.9487421
2185494732,-87.7515353,41.9546405
261286594,-87.7353374,41.949937
2184848954,-87.7345985,41.9499493
5421580744,-87.7427174,41.9516651
2258382536,-87.7426985,41.9503011
5495469263,-87.7347927,41.9528983
261185533,-87.7265337,41.9587633
2295446960,-87.7522112,41.9527584
2401873905,-87.7321734,41.9452209
4332812189,-87.732523,41.9463071
2184879934,-87.7200429,41.9460214
1625527903,-87.7235539,41.9533209
261275262,-87.7380485,41.9499076
365061484,-87.7477779,41.9488487
365061594,-87.7478806,41.9501023
5495529047,-87.7204382,41.9545821
261128229,-87.7498185,41.952437
157732754,-87.7279908,41.9463672
4081947317,-87.7177694,41.9519637
5495523342,-87.7223164,41.9564932
261316865,-87.7426529,41.9489067
261181606,-87.7236876,41.948247
3235330430,-87.741621,41.9503726
5493329451,-87.7500598,41.9547958
26703629,-87.7129364,41.9411292
2184682975,-87.7234165,41.9536458
5495425728,-87.7470101,41.9439517
3235330420,-87.7389175,41.9484995
2401873922,-87.7312115,41.9440758
289550288,-87.7445456,41.9461533
3235485093,-87.7358913,41.953399
2185494779,-87.7466227,41.9511368
2184906003,-87.7204887,41.9396476
5495465353,-87.7273972,41.9539081
1625527868,-87.7239932,41.9523011
261195034,-87.7446717,41.9507126
5495469254,-87.7346559,41.9528983
5495425726,-87.7463543,41.9441
2184958901,-87.7292324,41.9541522
158736268,-87.7275804,41.9527338
261158116,-87.7269126,41.9719001
2185494968,-87.744412,41.9538568
4617025778,-87.7594565,41.94827
1385442905,-87.7354381,41.9566766
2258382553,-87.7464726,41.94613
4334422165,-87.7334287,41.9535939
310319692,-87.7369931,41.9575342
316324910,-87.7472136,41.9497785
261195089,-87.7456761,41.9564988
369630918,-87.7473567,41.9552565
2295446930,-87.7459097,41.9525647
2184848937,-87.7267899,41.9463852
2401873878,-87.7291441,41.9435551
4498984734,-87.7389031,41.9473707
261300116,-87.7201389,41.9485516
5421580752,-87.7346991,41.9456996
261313026,-87.7292824,41.9554606
365061623,-87.7479168,41.951566
261349184,-87.7415467,41.9471157
2295446924,-87.74576,41.9532749
310165956,-87.7278459,41.9520666
5495411581,-87.747258,41.9511235
5495551029,-87.7192465,41.9428404
2185495008,-87.7446468,41.9540189
4498984731,-87.7386551,41.9475517
5495406887,-87.7470489,41.945424
261147241,-87.751098,41.9552088
2393934740,-87.7460017,41.9388497
5495528203,-87.7213669,41.9549484
2185494665,-87.7511601,41.955208
1475142958,-87.7251605,41.9537483
261181656,-87.7863136,41.9474737
261262171,-87.7226587,41.951905
2295446983,-87.7445625,41.9523932
26704229,-87.7295635,41.9533701
261139205,-87.7291319,41.9431483
2180438888,-87.7221414,41.9550966
2184906175,-87.7249169,41.9450499
261185995,-87.7250599,41.9518616
1475142944,-87.7193296,41.9538246
2401855381,-87.7353437,41.9444368
460465335,-87.766737,41.9449681
2401855259,-87.7361149,41.9535599
261180917,-87.7339191,41.9517789
365061608,-87.7472731,41.9515709
261128271,-87.7409311,41.952233
5076527096,-87.7470544,41.9455977
2184764878,-87.7195083,41.9482978
261298099,-87.7306149,41.9463311
2185494915,-87.7470821,41.9564876
2258382542,-87.7465137,41.9475004
1992978438,-87.7230678,41.9446226
5495469252,-87.7348557,41.9527283
369631021,-87.735435,41.9535685
2184848963,-87.7304908,41.9512832
2184906081,-87.7218501,41.9446381
2185494947,-87.7405423,41.9540435
2184958746,-87.7243654,41.9464186
2401855291,-87.7398862,41.9529347
261186028,-87.7249522,41.9464105
1625527830,-87.7245543,41.9535074
2184848917,-87.726922,41.9505478
3235485082,-87.739108,41.9531059
2184906002,-87.7206281,41.9446537
1625527807,-87.7239528,41.9524407
2258382517,-87.7426823,41.9475497
2898342291,-87.7433514,41.9510104
4332542836,-87.7385582,41.953529
310166133,-87.7322293,41.9548777
5495409534,-87.7477344,41.9570713
2258382544,-87.7445842,41.9484339
2185494901,-87.7412469,41.9571077
5495529041,-87.7204583,41.9543939
5434376946,-87.731277,41.9436341
261092201,-87.7383414,41.9585842
5495539518,-87.7258163,41.9537063
261164812,-87.7384558,41.9480197
306084612,-87.7276658,41.9554757
317750364,-87.739705,41.9462111
2184905998,-87.7266216,41.9409244
316309147,-87.7472959,41.9524655
5495475191,-87.7332102,41.9443408
2184848931,-87.7283306,41.9513726
2180439020,-87.7196858,41.9547087
2185494743,-87.7451579,41.9544633
261241175,-87.7239984,41.9555304
261286662,-87.7497538,41.949747
261293451,-87.7202163,41.9519377
2295446945,-87.7453451,41.9528076
261164817,-87.7427078,41.9506246
261298112,-87.7312685,41.9463221
2185533523,-87.7498489,41.9561335
5493329487,-87.7479617,41.9554316
305912683,-87.7384203,41.9608389
2401855342,-87.7347562,41.945535
261268586,-87.7406315,41.9571174
157719711,-87.7473032,41.9534183
310166127,-87.7327911,41.9548687
5495410820,-87.7467446,41.9551429
261204769,-87.7292183,41.9463503
2401873911,-87.7279806,41.9459779
26703431,-87.7304366,41.9533596
5493338624,-87.7505358,41.9465307
2185494903,-87.7438594,41.9543483
5493329492,-87.7476457,41.9548592
2185494938,-87.7387015,41.9540661
1992978459,-87.7242922,41.944607
26703435,-87.7221469,41.9486675
2295446911,-87.7455258,41.9532809
2258382526,-87.7465822,41.9497863
2185494682,-87.7440616,41.9551578
2401873916,-87.7336713,41.9457655
261178096,-87.7453675,41.9446938
5495422721,-87.7470616,41.945807
5495529042,-87.7206745,41.9542285
261151570,-87.7368551,41.9553689
5495425723,-87.7463369,41.9445632
2185494841,-87.7436073,41.9534651
2295446946,-87.7472813,41.9518926
2402691775,-87.7402699,41.9444056
5495529043,-87.7202186,41.954432
2180438999,-87.7210937,41.9605876
2180439056,-87.7221876,41.9564245
2844293045,-87.7277398,41.9521284
5495410872,-87.7432242,41.9519423
5495411579,-87.7469773,41.9512471
5421580758,-87.7427967,41.9506779
2185494801,-87.7347212,41.9535775
2401873884,-87.7314934,41.948154
5495425727,-87.7463212,41.9439602
2184848947,-87.7380181,41.9484311
4332557784,-87.7516637,41.9460663
2185494836,-87.7512858,41.9543163
4334422176,-87.7276211,41.9539921
261118591,-87.7213313,41.9491553
2185494747,-87.7451681,41.9551487
2180439038,-87.7240194,41.9563868
5495541221,-87.7246962,41.9533636
2402691773,-87.7409133,41.9457428
2185494978,-87.7467119,41.9559839
2295446989,-87.7455292,41.9534408
2401873881,-87.7291927,41.9452129
316328114,-87.7470195,41.9443084
317749252,-87.7428091,41.946174
5493329459,-87.7497004,41.9557537
2184683018,-87.7190242,41.953277
261207218,-87.7189456,41.9501322
5495474749,-87.7301974,41.9435342
5495422077,-87.7466239,41.9481422
5495474751,-87.7303216,41.943049
5495410816,-87.7458528,41.9546342
5421580755,-87.7402122,41.9481103
365061511,-87.7477123,41.9465712
2184906222,-87.7217028,41.9396314
5495465801,-87.7279698,41.9536455
26703432,-87.7278431,41.9518882
4332542832,-87.7440479,41.9534595
2401873909,-87.7292092,41.945968
4957715138,-87.744562,41.9520634
5495464751,-87.7282373,41.9536424
261199735,-87.7291563,41.9439621
2295446942,-87.7447386,41.9528161
4307788422,-87.745849,41.9554953
261118595,-87.7215445,41.9553384
4332812190,-87.7277059,41.9463711
5832011273,-87.7396447,41.9442441
261186027,-87.724928,41.9455034
2180438992,-87.7196974,41.9551378
2180438981,-87.7215246,41.954685
261286590,-87.729105,41.9500183
4099063872,-87.7443782,41.938872
409178833,-87.7238846,41.9488119
2401873932,-87.7279072,41.9431627
2401873877,-87.7303025,41.9435321
2185495004,-87.7447043,41.9543357
2185494917,-87.7456067,41.9541587
5493338623,-87.750962,41.9465268
5493329497,-87.7478953,41.9548576
2401873885,-87.7279612,41.9452318
2185494799,-87.7481027,41.9544699
5421580761,-87.7406977,41.9490698
261221609,-87.7497755,41.9506513
365061607,-87.749786,41.9510877
2401855318,-87.7331174,41.9447442
5495537017,-87.7250886,41.9532952
5495470208,-87.7313286,41.9526804
2184958828,-87.7249656,41.9468191
365061638,-87.7498293,41.9528864
4334422168,-87.7282403,41.9536424
310165927,-87.7272673,41.9515586
4606858774,-87.7433287,41.944716
5493329461,-87.7502571,41.955757
3603195308,-87.7294164,41.9501912
2184906198,-87.726749,41.9450219
261123523,-87.7398522,41.9488693
2393935001,-87.7514132,41.943787
2401855255,-87.7328685,41.9440055
5495419646,-87.7472376,41.9504692
316319260,-87.747243,41.9506786
2185494955,-87.7468447,41.9564895
316325936,-87.751028,41.953371
1625527852,-87.7250728,41.9526322
5495425311,-87.7432041,41.9439727
2184848924,-87.7402446,41.9522382
5495472867,-87.7268989,41.9451178
5495473624,-87.7276453,41.9466729
256170556,-87.7276117,41.9536496
261207217,-87.7189912,41.9519557
261210227,-87.7618672,41.9468613
5301474551,-87.7466498,41.9520399
2401873929,-87.7344264,41.9462847
261262173,-87.7226054,41.950081
2186461597,-87.7522922,41.9547311
2401873928,-87.733217,41.9535966
2185494775,-87.7457524,41.9585909
313441054,-87.7223052,41.9391554
2401855253,-87.7347447,41.9451379
5495467798,-87.7276339,41.9544168
26704226,-87.7237913,41.9500789
2185494740,-87.7474115,41.9568504
2184848961,-87.7219063,41.9469102
2185495001,-87.7484303,41.9537336
5493329454,-87.7505888,41.9555046
4334422164,-87.7345305,41.9535799
2295446935,-87.7452663,41.9532909
4332542839,-87.7473475,41.9549909
2184958806,-87.7300866,41.9554513
2295446979,-87.7470384,41.9521873
317750082,-87.7451958,41.9388608
2180438910,-87.7220562,41.9550362
2185494893,-87.7456132,41.9543222
5495433620,-87.7372042,41.9451286
2180438985,-87.7198626,41.9606047
5495410817,-87.7470186,41.9546165
261325838,-87.7354938,41.955383
261181642,-87.7497097,41.9479149
2401873882,-87.7312622,41.9459371
2184906139,-87.7182514,41.9451393
5495410877,-87.7432202,41.9517628
1625527820,-87.7250917,41.9534142
2184906011,-87.7255778,41.9497723
306082703,-87.7190329,41.9536234
3639320411,-87.7456323,41.9550964
2401873908,-87.7330477,41.9481314
5495427606,-87.737128,41.9469664
2184764846,-87.7207745,41.9501066
4332812195,-87.7195016,41.946979
5493329450,-87.7498133,41.9549178
2185494888,-87.7438621,41.9544762
1625527853,-87.7235266,41.9532757
369630899,-87.747399,41.956485
5311587841,-87.7314635,41.9547758
4332812194,-87.7274066,41.9466801
2180438900,-87.7245751,41.9542003
2185494696,-87.7438316,41.9544766
2401855425,-87.7365708,41.9444242
2401873886,-87.7314614,41.9470729
261218163,-87.7510584,41.9543177
26703433,-87.7266166,41.9511918
5495551026,-87.7190557,41.9435448
3639320415,-87.7473577,41.9552874
261293503,-87.749797,41.9515445
369631024,-87.7339592,41.9535872
4334422169,-87.7230819,41.9536493
2258382513,-87.7440426,41.9502736
5495425733,-87.7470064,41.9438102
5493338628,-87.7509439,41.9460743
5114906800,-87.7504871,41.9552166
5495539519,-87.7253466,41.9540872
261181611,-87.7323144,41.9481415
2295446913,-87.7456571,41.9519344
4332542829,-87.7518417,41.9533607
2184848938,-87.7294752,41.9503505
2401855238,-87.7321454,41.9438275
261178086,-87.7312309,41.9447493
2180439022,-87.7221236,41.9542332
2401873919,-87.7299003,41.9490839
2185494806,-87.7449642,41.9551503
2401855195,-87.7314291,41.9431461
263372347,-87.7190827,41.9464913
289550289,-87.7439833,41.94616
4062144261,-87.7196806,41.9446658
5495411814,-87.7470323,41.9513105
2180439042,-87.7215121,41.9542422
4334422167,-87.7254362,41.9536381
4060122325,-87.7369615,41.9465024
4498984753,-87.7391218,41.9469851
2180439088,-87.7227841,41.9558659
289550316,-87.7409252,41.9461965
2184958751,-87.7301913,41.9591003
5495464750,-87.7278665,41.9536467
261101603,-87.7308802,41.9547779
3235330440,-87.742179,41.9514465
2401855394,-87.7359553,41.9480868
2393935054,-87.7445605,41.9447018
2401855264,-87.7360089,41.9499308
2185494717,-87.7480034,41.9544719
2295447000,-87.7445835,41.9529298
2184848915,-87.7200406,41.9459416
261262176,-87.7225961,41.9497614
5495410879,-87.7445621,41.9521029
369630921,-87.7405267,41.9535041
1625527831,-87.7232371,41.9529796
4332811588,-87.727386,41.9460989
261151558,-87.735967,41.9444304
261160351,-87.7275223,41.950904
2180438933,-87.7223088,41.9605714
2258382515,-87.7426692,41.9493794
1625527798,-87.7237467,41.9525056
4332542826,-87.7472964,41.9525364
261268640,-87.744556,41.9564996
2401873924,-87.7322803,41.9470622
261187572,-87.7260144,41.9409343
409178831,-87.7238296,41.946426
2844294893,-87.7273652,41.9519132
4332542833,-87.7420812,41.9534844
261160347,-87.722543,41.9480537
4498984739,-87.7391793,41.9479077
2295446965,-87.7472773,41.951735
2184906055,-87.7267611,41.945479
2185494750,-87.7438558,41.9541827
261123525,-87.7394571,41.9498899
2401855416,-87.7334879,41.9443815
261092197,-87.7325339,41.9554282
261185994,-87.7250843,41.9511764
2258382534,-87.7446495,41.9502612
4334422166,-87.733074,41.9535984
306084357,-87.7310677,41.9538948
409178838,-87.7322066,41.9536094
261123526,-87.73952,41.9516962
5495467796,-87.7276379,41.9545499
2184683113,-87.7245617,41.9536338
4332542825,-87.7472807,41.9518672
365061619,-87.7479056,41.9511128
3192225964,-87.7298588,41.9537697
5495523336,-87.7228054,41.9566438
5495465803,-87.7278746,41.9531675
317749771,-87.7421307,41.9461821
365061635,-87.7479624,41.9534099
5495409876,-87.7472875,41.9521363
1316586904,-87.750575,41.9561239
261160348,-87.7236959,41.9487073
2180438990,-87.7240315,41.9567416
2184958839,-87.7243774,41.9468271
2180438903,-87.7233912,41.9559464
2185494699,-87.7438439,41.9537125
261293452,-87.7260923,41.9518456
5495469266,-87.7339499,41.9531666
2184848911,-87.7344966,41.9462832
5495539821,-87.7255953,41.9541843
2184848958,-87.7401614,41.9498797
261212953,-87.7323635,41.9499785
425580769,-87.7273427,41.9445681
2185494657,-87.7450074,41.9541669
5495414989,-87.7387037,41.9533506
2401873913,-87.7280702,41.9491036
2184848972,-87.7402258,41.9516905
261313692,-87.757216,41.9551306
5493329491,-87.7473818,41.9560055
4332542831,-87.7465303,41.9534281
5495433619,-87.7380918,41.9451099
2184906217,-87.7231622,41.9484048
2258382563,-87.7429452,41.9466341
5495409873,-87.7478296,41.9524604
2185494622,-87.7514098,41.9579335
2402691789,-87.739689,41.9457597
365061626,-87.7479389,41.9524593
261187473,-87.7407758,41.9407359
261181604,-87.7189,41.9483076
261212950,-87.7321889,41.9455625
2184764722,-87.719648,41.9532682
306084146,-87.7202639,41.9536938
2401873880,-87.7299647,41.9513659
2401873894,-87.7300959,41.9500005
2401873874,-87.7279711,41.9456136
365061531,-87.7477648,41.9483957
261128231,-87.7546478,41.952373
261178087,-87.7321573,41.9448666
261178091,-87.7181858,41.9446848
2180439032,-87.7245426,41.9567356
5076527095,-87.7470599,41.9457542
5495410874,-87.744399,41.9521051
4600211931,-87.745395,41.9456256
2185494951,-87.7423498,41.9536339
5493329494,-87.7479042,41.9550741
2258382508,-87.7465545,41.9488625
310166128,-87.7322028,41.9543552
4060122324,-87.7369083,41.9462445
261298101,-87.7307132,41.9490752
5495539822,-87.7255919,41.9537206
5495467797,-87.7283058,41.9544038
2185494974,-87.7423789,41.9547292
2179120492,-87.7340511,41.9565744
4605879632,-87.7445913,41.9457176
2185495018,-87.7447743,41.9569938
2393935019,-87.7476428,41.9443
261178107,-87.7200036,41.9446616
2186461126,-87.7571738,41.9538057
5495427608,-87.7366333,41.9469099
289550325,-87.7200561,41.9464779
2180439048,-87.7215356,41.9550441
2401873873,-87.7300801,41.9495356
5495430643,-87.7428067,41.9460116
26703434,-87.7238663,41.9496325
5495528004,-87.7220181,41.9563052
2844294891,-87.7273324,41.9518947
5495410814,-87.7458608,41.9551244
5493329495,-87.7480166,41.9548582
5495539520,-87.7255946,41.9540852
4081947050,-87.7129681,41.9557006
5495425312,-87.7427671,41.9439732
2184683038,-87.723994,41.9523437
26704233,-87.7356175,41.9567778
1385442904,-87.7339798,41.9553378
287237471,-87.730119,41.9533547
261275063,-87.74092,41.9516848
5495469704,-87.7274372,41.9477957
261339866,-87.7496879,41.9470077
2184958752,-87.7244184,41.9482384
261186026,-87.7247861,41.940948
5495464749,-87.7278811,41.9540841
2184764862,-87.7220886,41.9532336
306084158,-87.7251243,41.9536279
4605879631,-87.7439673,41.9457225
2180439074,-87.7235452,41.9573612
5495409533,-87.7477229,41.9567994
261250159,-87.7273683,41.9454709
261339869,-87.7497316,41.9488266
5493329467,-87.750383,41.9559023
2184683130,-87.7214753,41.9532423
2184958773,-87.7285632,41.9543
2185494896,-87.73477,41.9550661
4605984314,-87.7477126,41.9442991
2184848905,-87.7225219,41.9468934
261210231,-87.7620249,41.9513915
5495465352,-87.7273857,41.9536533
5495420970,-87.7478108,41.9499575
2185494792,-87.7440514,41.9544743
3235330422,-87.7386039,41.9487936
307945699,-87.7188968,41.9464939
2184848970,-87.7304783,41.9507993
1625527890,-87.7227847,41.9523639
2180439066,-87.723268,41.9558601
261210230,-87.7619884,41.9505021
2185494819,-87.7489178,41.9552366
2180438996,-87.722736,41.9542242
2401855420,-87.7325636,41.9438204
2185494813,-87.7446716,41.9511606
365061472,-87.7497645,41.9501918
409169534,-87.7388064,41.9571462
2180438943,-87.7252597,41.9572561
318028175,-87.7371972,41.946241
4334422163,-87.7358454,41.9535633
261164815,-87.7410105,41.9495814
2184764691,-87.7245027,41.9518701
5076527104,-87.7470373,41.9449839
2184682965,-87.724197,41.9524321
261164820,-87.7492422,41.9545806
306084148,-87.7227205,41.9536531
2401855289,-87.7341156,41.9447625
365061488,-87.7477517,41.9479385
2185494994,-87.7498192,41.9543315
2185533670,-87.7494562,41.9556764
261262073,-87.7224758,41.945532
318028816,-87.7360184,41.9462551
261199734,-87.7273262,41.9439828
2185494726,-87.7453813,41.9551469
306082701,-87.7190352,41.9537141
2844293042,-87.7277678,41.9521441
5495425729,-87.7467325,41.9439572
5495406889,-87.746746,41.9458078
2185494671,-87.7447848,41.95417
261178101,-87.7408786,41.944399
3235485076,-87.7380525,41.9530538
261181610,-87.7306918,41.9481663
261293458,-87.741571,41.9516757
5495539515,-87.7251716,41.9539331
261147243,-87.7516596,41.9556449
2185494681,-87.7399379,41.9540509
4081695996,-87.7215514,41.955562
261212957,-87.7324894,41.9542093
5832011276,-87.7384677,41.9443107
263372924,-87.7292123,41.9536312
2184879935,-87.7224893,41.9459875
261207219,-87.7188907,41.9479368
2184906113,-87.723114,41.9468792
305910829,-87.7217073,41.9610239
2401873896,-87.7331054,41.9499701
5493329463,-87.7499606,41.9558779
2295446992,-87.7498269,41.9527883
2401855287,-87.7416364,41.9525687
261286567,-87.7079219,41.9502865
4334422162,-87.7186918,41.9533918
5421580791,-87.7429317,41.9507588
2401873893,-87.7298862,41.9486063
263372613,-87.7275364,41.9514178
2184906115,-87.7224643,41.9450818
5495427607,-87.7367942,41.9467624
365061612,-87.7498077,41.9519909
2258382528,-87.7426476,41.9484638
2180439076,-87.7228103,41.9568472
4332542842,-87.7474073,41.9567278
2401873910,-87.7313783,41.9531013
261262169,-87.7227727,41.9555445
5493329498,-87.7479114,41.9552494
2295446910,-87.7447348,41.9525768
261178108,-87.7224526,41.9446304
1625527891,-87.7235046,41.9527016
2185494644,-87.7442809,41.9559715
2401873918,-87.7322013,41.9459371
2401873923,-87.7328873,41.9457817
2401873872,-87.72986,41.9477066
2401873906,-87.7299785,41.9518371
261195032,-87.7445948,41.9488847
2401855235,-87.7409511,41.952924
2401855370,-87.7387407,41.9498989
261275264,-87.7380451,41.9517216
2185494786,-87.7438418,41.9551596
845898439,-87.7321559,41.9441761
261178112,-87.7261217,41.9445837
5495528068,-87.7190224,41.9532035
2284963174,-87.7470096,41.9524232
3603195309,-87.7297252,41.9504796
287237919,-87.7129425,41.9413035
5495465354,-87.7273127,41.953973
5495414990,-87.7385639,41.9530818
310166126,-87.7328074,41.9552063
2184683181,-87.7190169,41.9529835
2184906086,-87.7267755,41.9459318
2185494998,-87.7452154,41.9565038
365061582,-87.7497424,41.9492748
2185533552,-87.7493633,41.9552309
4334422170,-87.7269101,41.953661
5495469255,-87.7344292,41.9528983
4600211930,-87.7462132,41.9456159
369630968,-87.7380673,41.9535352
5495430642,-87.7425302,41.9460121
5493329453,-87.7502898,41.9557948
2401855270,-87.7387102,41.9488594
5495425721,-87.7463986,41.9438181
261164821,-87.7497964,41.9552254
5114741614,-87.7368713,41.9557891
5495420971,-87.7472217,41.9499653
3235485081,-87.7392793,41.9531057
2401873870,-87.729834,41.9468009
2401873901,-87.7312483,41.9452259
261178102,-87.7420631,41.9443831
5495528205,-87.7210126,41.9549748
4606858775,-87.7433599,41.9461674
2401855392,-87.736656,41.9484358
2185494898,-87.7446155,41.9538536
5495416134,-87.7464791,41.9521378
2184683045,-87.7183791,41.9519672
5421580738,-87.7399305,41.9487885
5495415655,-87.746268,41.9523109
2401873897,-87.7280387,41.9481826
2898342290,-87.7434743,41.9514479
2295446912,-87.7448937,41.9523372
734833524,-87.7371541,41.9431917
2258382520,-87.744611,41.9493455
261180914,-87.7337448,41.9462992
5495469257,-87.7343843,41.9531594
409169165,-87.7473639,41.9554906
4332542844,-87.7474409,41.9577056
365061597,-87.747228,41.9501108
2184764859,-87.7195997,41.9519468
5265173444,-87.7462623,41.9429288
313441050,-87.721074,41.9391714
2184958835,-87.7317119,41.9554365
